<?xml version="1.0" encoding="UTF-8"?>
<!DOCTYPE mapper
        PUBLIC "-//mybatis.org//DTD Mapper 3.0//EN"
        "http://mybatis.org/dtd/mybatis-3-mapper.dtd">

<mapper namespace="com.zzx.dao.CodeDao">

    <resultMap id="Code" type="Code">
        <id property="id" column="code_id"/>
        <result property="state" column="code_state"/>
        <result property="user.id" column="user_id"/>
        <result property="user.name" column="user_name"/>
    </resultMap>

    <select id="findCodeById" parameterType="String" resultMap="Code">
        SELECT code_id,code_state,user_id
        FROM code
        WHERE code_id = #{value}
    </select>

    <update id="updateCode" parameterType="Code">
        UPDATE code
        SET code_state = #{state}, user_id = #{user.id}
        WHERE code_id = #{id}
    </update>

    <insert id="saveCode" parameterType="Code">
        INSERT INTO code
        VALUES (#{id},#{state},null)
    </insert>

    <select id="getCodeCount" resultType="Long">
        SELECT COUNT(1)
        FROM code
    </select>

    <select id="findCode" resultMap="Code">
        SELECT code_id,code_state,c.user_id,u.user_name
        FROM code c LEFT JOIN user u on c.user_id = u.user_id
        ORDER BY code_state
        LIMIT #{start},#{showCount}
    </select>

</mapper>