<?xml version="1.0" encoding="UTF-8"?>
<!DOCTYPE mapper
        PUBLIC "-//mybatis.org//DTD Mapper 3.0//EN"
        "http://mybatis.org/dtd/mybatis-3-mapper.dtd">

<mapper namespace="com.zzx.dao.DiscussDao">

    <resultMap id="Discuss" type="Discuss">
        <id property="id" column="discuss_id"/>
        <result property="body" column="discuss_body"/>
        <result property="time" column="discuss_time"/>
        <result property="user.id" column="user_id"/>
        <result property="user.name" column="user_name"/>
        <result property="blog.id" column="blog_id"/>
        <result property="blog.title" column="blog_title"/>
    </resultMap>


    <insert id="saveDiscuss" parameterType="Discuss">
        INSERT INTO discuss
        VALUES (null,#{body},#{time},#{user.id},#{blog.id})
    </insert>

    <select id="findDiscussById" parameterType="Integer" resultMap="Discuss">
        SELECT discuss_id,discuss_body,discuss_time,b.blog_id ,u.user_id,u.user_name
        FROM discuss d LEFT JOIN blog b on d.blog_id = b.blog_id LEFT JOIN user u on d.user_id = u.user_id
        WHERE d.discuss_id = #{value}
    </select>

    <delete id="deleteDiscussById" parameterType="Integer">
        DELETE FROM discuss
        WHERE discuss_id = #{value}
    </delete>

    <select id="findDiscussByBlogId" resultMap="Discuss">
        SELECT discuss_id,discuss_body,discuss_time,b.blog_id ,u.user_id,u.user_name
        FROM discuss d LEFT JOIN blog b on d.blog_id = b.blog_id LEFT JOIN user u on d.user_id = u.user_id
        WHERE d.blog_id = #{blogId}
        ORDER BY d.discuss_time
        LIMIT #{start},#{showCount}
    </select>

    <select id="getDiscussCountByBlogId" parameterType="Integer" resultType="Long">
        SELECT COUNT(1)
        FROM discuss
        WHERE blog_id = #{value}
    </select>

    <select id="findNewDiscuss" parameterType="Integer" resultMap="Discuss">
        SELECT discuss_id,discuss_body,discuss_time,b.blog_id ,b.blog_title,u.user_id,u.user_name
        FROM discuss d LEFT JOIN blog b on d.blog_id = b.blog_id LEFT JOIN user u on d.user_id = u.user_id
        ORDER BY d.discuss_time
        LIMIT 0, #{value}
    </select>

    <select id="findUserNewDiscuss" resultMap="Discuss">
        SELECT discuss_id,discuss_body,discuss_time,b.blog_id ,b.blog_title,u.user_id,u.user_name
        FROM discuss d LEFT JOIN blog b on d.blog_id = b.blog_id LEFT JOIN user u on d.user_id = u.user_id
        WHERE b.user_id = #{userId}
        ORDER BY d.discuss_time
        LIMIT 0 , #{count}
    </select>

</mapper>