<?xml version="1.0" encoding="UTF-8"?>
<!DOCTYPE mapper
        PUBLIC "-//mybatis.org//DTD Mapper 3.0//EN"
        "http://mybatis.org/dtd/mybatis-3-mapper.dtd">

<mapper namespace="com.zzx.dao.LoginDao">

    <resultMap id="Login" type="Login">
        <id property="user.id" column="user_id" />
        <result property="ip" column="login_ip"/>
        <result property="time" column="login_time"/>
    </resultMap>

    <delete id="deleteLoginByUserId" parameterType="Integer">
        DELETE FROM login WHERE user_id = #{value}
    </delete>

    <insert id="saveLogin" parameterType="Login">
        INSERT INTO login values(#{time},#{ip},#{user.id})
    </insert>

</mapper>